Implementation Plan ID,Task ID,Feature Name,Layer,Domain,Implementation Status,Completion %,Core Requirement Level,Development Complexity,Phase,Dependencies,Success Criteria,Detailed Requirements and Status

# Phase 0: Completed Infrastructure
Phase-0,BE-001,Flask Backend Setup,Backend,Framework,✅ Complete,100,10,3,0,None,Yes,"- Project Structure (20%) ✓
- Config Management (20%) ✓
- Error Handling (15%) ✓
- Logging System (15%) ✓
- Basic Auth (15%) ✓
- Testing Setup (15%) ✓"

Phase-0,FE-001,React Frontend Setup,Frontend,Framework,✅ Complete,100,10,3,0,None,Yes,"- Project Structure (20%) ✓
- TypeScript Config (20%) ✓
- Routing Setup (20%) ✓
- State Management (20%) ✓
- Build System (20%) ✓"

Phase-0,DB-001,SQLite Integration,Backend,Database,✅ Complete,100,10,2,0,SQLAlchemy,Yes,"- Driver Setup (20%) ✓
- Models & Schemas (20%) ✓
- Migrations (20%) ✓
- CRUD Operations (20%) ✓
- Testing (20%) ✓"

# Phase 1: Security Fundamentals
SEC-101,SEC-001.1,CSRF Basic Setup,Backend,Security,❌ Missing,0,10,3,1,Flask-WTF,SEC-CR1,"- Install Flask-WTF
- Configure CSRF Protection
- Add CSRF Tokens"

SEC-102,SEC-001.2,CSRF Token Implementation,Backend,Security,❌ Missing,0,10,4,1,SEC-001.1,SEC-CR1,"- Token Generation
- Token Validation
- Error Handling"

SEC-103,SEC-001.3,CSRF Middleware,Backend,Security,❌ Missing,0,10,4,1,SEC-001.2,SEC-CR1,"- Middleware Setup
- Route Protection
- Exception Handling"

SEC-104,SEC-001.4,CSRF Testing,Backend,Security,❌ Missing,0,10,3,1,SEC-001.3,SEC-CR1,"- Unit Tests
- Integration Tests
- Security Tests"

SEC-201,SEC-002.1,Security Headers Setup,Backend,Security,❌ Missing,0,10,3,1,Flask-Talisman,SEC-CR2,"- Install Flask-Talisman
- Basic Configuration
- Testing"

SEC-202,SEC-002.2,HSTS Implementation,Backend,Security,❌ Missing,0,10,3,1,SEC-002.1,SEC-CR2,"- HSTS Configuration
- SSL/TLS Setup
- Testing"

SEC-203,SEC-002.3,CSP Implementation,Backend,Security,❌ Missing,0,10,4,1,SEC-002.1,SEC-CR2,"- CSP Rules
- Header Configuration
- Testing"

SEC-204,SEC-002.4,XSS Protection,Backend,Security,❌ Missing,0,10,4,1,SEC-002.1,SEC-CR2,"- XSS Headers
- Content Security
- Testing"

# Phase 2: Authorization System
BE-301,SEC-003.1,RBAC Database Schema,Backend,Security,❌ Missing,0,10,4,2,SQLAlchemy,SEC-CR3,"- Role Model
- Permissions Model
- Relations Setup"

BE-302,SEC-003.2,RBAC Models Implementation,Backend,Security,❌ Missing,0,10,4,2,BE-301,SEC-CR3,"- User-Role Logic
- Permission Logic
- Database Migrations"

BE-303,SEC-003.3,Role Middleware,Backend,Security,❌ Missing,0,10,4,2,BE-302,SEC-CR3,"- Role Checking
- Permission Validation
- Error Handling"

BE-304,SEC-003.4,Role Decorators,Backend,Security,❌ Missing,0,10,3,2,BE-303,SEC-CR3,"- Route Protection
- Function Decorators
- Testing"

FE-401,SEC-003.5,Frontend Role Routes,Frontend,Security,❌ Missing,0,10,4,2,BE-304,SEC-CR3,"- Route Guards
- Role Checking
- Redirect Logic"

FE-402,SEC-003.6,Role UI Components,Frontend,UI,❌ Missing,0,8,3,2,FE-401,SEC-CR3,"- Role-based Display
- Permission Checks
- UI Testing"

FE-403,SEC-003.7,Auth Context Update,Frontend,State,❌ Missing,0,9,3,2,FE-401,SEC-CR3,"- Role State
- Permission State
- Context Tests"

FE-404,SEC-003.8,Role-based UI,Frontend,UI,❌ Missing,0,8,3,2,FE-402,SEC-CR3,"- Component Updates
- Menu Changes
- UI Testing"

# Phase 3: Testing Enhancement
TST-501,TST-001.1,Backend Unit Tests,Backend,Testing,⏳ Partial,40,9,4,3,pytest,TST-CR1,"- Auth Tests
- API Tests
- Model Tests"

TST-502,TST-001.2,Frontend Unit Tests,Frontend,Testing,⏳ Partial,40,9,4,3,Vitest,TST-CR1,"- Component Tests
- Hook Tests
- Utility Tests"

TST-503,TST-001.3,Coverage Setup,Both,Testing,❌ Missing,0,8,3,3,"pytest-cov, vitest",TST-CR1,"- Backend Coverage
- Frontend Coverage
- Reports Setup"

TST-504,TST-001.4,CI Test Setup,DevOps,Testing,❌ Missing,0,8,4,3,GitHub Actions,TST-CR1,"- CI Configuration
- Test Automation
- Report Generation"

TST-601,TST-002.1,E2E Framework Setup,Testing,DevOps,❌ Missing,0,8,4,3,Playwright,TST-CR2,"- Install Playwright
- Basic Config
- First Test"

TST-602,TST-002.2,Critical Path Tests,Testing,Testing,❌ Missing,0,9,5,3,TST-601,TST-CR2,"- Login Flow
- Main Features
- Error Cases"

TST-603,TST-002.3,Auth Flow Tests,Testing,Testing,❌ Missing,0,9,5,3,TST-601,TST-CR2,"- Registration
- Login/Logout
- Protected Routes"

TST-604,TST-002.4,E2E CI Setup,Testing,DevOps,❌ Missing,0,8,4,3,TST-601,TST-CR2,"- CI Configuration
- Test Running
- Report Generation"

# Phase 4: Database & DevOps
DB-701,DB-002.1,PostgreSQL Setup,Backend,Database,⏳ Partial,30,9,4,4,PostgreSQL,INF-CR1,"- Driver Setup ✓
- Configuration ✓
- Connection Pool
- Migration Test"

DB-702,DB-002.2,Connection Pooling,Backend,Database,❌ Missing,0,8,4,4,DB-701,INF-CR1,"- Pool Config
- Error Handling
- Performance Test"

DB-703,DB-002.3,Failover Handling,Backend,Database,❌ Missing,0,8,5,4,DB-702,INF-CR1,"- Retry Logic
- Failover Config
- Testing"

DB-704,DB-002.4,Database Monitoring,Backend,Database,❌ Missing,0,8,4,4,DB-701,INF-CR1,"- Metrics Setup
- Alerts
- Dashboard"

DEV-801,DEV-001.1,Container Networking,DevOps,Infrastructure,❌ Missing,0,8,5,4,Docker,INF-CR2,"- Network Setup
- Service Discovery
- Testing"

DEV-802,DEV-001.2,Service Discovery,DevOps,Infrastructure,❌ Missing,0,8,5,4,DEV-801,INF-CR2,"- Service Config
- DNS Setup
- Testing"

DEV-803,DEV-001.3,Health Checks,DevOps,Infrastructure,❌ Missing,0,8,4,4,DEV-801,INF-CR2,"- Check Endpoints
- Monitoring
- Alerts"

DEV-804,DEV-001.4,Monitoring Stack,DevOps,Infrastructure,❌ Missing,0,8,5,4,DEV-801,INF-CR2,"- Metrics Collection
- Dashboard Setup
- Alerting"

# Additional Features
FE-501,UI-001,RTL Support,Frontend,UI,❌ Missing,0,7,4,5,None,No,"- RTL Setup
- Component Updates
- Testing"

BE-501,API-001,API Documentation,Backend,Documentation,❌ Missing,0,8,3,5,OpenAPI,No,"- Swagger Setup
- API Docs
- Examples"

QA-001,TOOL-001,ESLint Setup,Frontend,Quality,❌ Missing,0,7,2,5,ESLint,No,"- Config Setup
- Rule Definition
- Integration"

QA-002,TOOL-002,Prettier Setup,Frontend,Quality,❌ Missing,0,6,2,5,Prettier,No,"- Config Setup
- Integration
- Documentation"

# Success Criteria Tasks
SEC-CR1,CRIT-001,CSRF Implementation,Security,Criteria,❌ Missing,0,10,NA,NA,SEC-001,Yes,"All CSRF tasks complete
All tests passing"

SEC-CR2,CRIT-002,Security Headers,Security,Criteria,❌ Missing,0,10,NA,NA,SEC-002,Yes,"All headers implemented
Security scan pass"

SEC-CR3,CRIT-003,RBAC System,Security,Criteria,❌ Missing,0,10,NA,NA,SEC-003,Yes,"Role system working
All tests passing"

TST-CR1,CRIT-004,Test Coverage,Testing,Criteria,⏳ Partial,40,9,NA,NA,TST-001,Yes,"80% coverage achieved
All tests passing"

TST-CR2,CRIT-005,E2E Coverage,Testing,Criteria,❌ Missing,0,9,NA,NA,TST-002,Yes,"All E2E tests passing
CI integration complete"

INF-CR1,CRIT-006,Database Ready,Infrastructure,Criteria,⏳ Partial,30,9,NA,NA,DB-002,Yes,"Production DB ready
Monitoring active"

INF-CR2,CRIT-007,Container Ready,Infrastructure,Criteria,❌ Missing,0,9,NA,NA,DEV-001,Yes,"All services running
Monitoring active"
